{
    "epoch": 3.0,
    "eval_accuracy": 0.9990762545643588,
    "eval_combined_score": 0.9992253793880497,
    "eval_f1": 0.9992750876626134,
    "eval_loss": 0.0037931944243609905,
    "eval_precision": 0.9992750876626134,
    "eval_recall": 0.9992750876626134,
    "eval_runtime": 2570.7032,
    "eval_samples": 482817,
    "eval_samples_per_second": 187.815,
    "eval_steps_per_second": 11.739,
    "train_loss": 0.01477157434986368,
    "train_runtime": 10450.5563,
    "train_samples": 482817,
    "train_samples_per_second": 138.6,
    "train_steps_per_second": 2.166
}