{
    "epoch": 3.0,
    "eval_accuracy": 0.9985108229411972,
    "eval_combined_score": 0.9987966455199382,
    "eval_f1": 0.9988919197128519,
    "eval_loss": 0.00661373371258378,
    "eval_precision": 0.9988919197128519,
    "eval_recall": 0.9988919197128519,
    "eval_runtime": 2542.8935,
    "eval_samples": 482817,
    "eval_samples_per_second": 189.869,
    "eval_steps_per_second": 11.867,
    "train_loss": 0.020310407957283897,
    "train_runtime": 10687.7163,
    "train_samples": 482817,
    "train_samples_per_second": 135.525,
    "train_steps_per_second": 2.118
}